index,time,lat,lng,flex,gsr,bpm
0,15:34:37,45.432483,12.356738,14,244,105
1,15:34:37,45.432483,12.356738,16,207,83
2,15:34:37,45.432483,12.356738,14,212,119
3,15:34:37,45.432483,12.356738,15,193,92
4,15:34:37,45.432483,12.356738,14,204,103
5,15:34:37,45.432483,12.356738,17,218,100
6,15:34:37,45.432483,12.356738,18,183,97
7,15:34:44,45.43242,12.356743,13,184,105
8,15:34:44,45.43242,12.356743,15,224,111
9,15:34:44,45.43242,12.356743,16,228,101
10,15:34:50,45.432356,12.356747,12,209,84
11,15:34:50,45.432356,12.356747,18,183,96
12,15:34:50,45.432356,12.356747,15,222,97
13,15:34:50,45.432356,12.356747,13,182,90
14,15:34:50,45.432356,12.356747,17,197,100
15,15:34:53,45.432293,12.356752,12,202,105
16,15:34:53,45.432293,12.356752,16,242,113
17,15:34:53,45.432293,12.356752,13,189,80
18,15:34:53,45.432293,12.356752,14,216,86
19,15:34:56,45.43223,12.356757,17,243,88
20,15:34:56,45.43223,12.356757,13,221,111
21,15:34:56,45.43223,12.356757,12,185,120
22,15:34:56,45.43223,12.356757,15,183,86
23,15:34:56,45.43223,12.356757,12,202,120
24,15:34:56,45.43223,12.356757,17,206,86
25,15:34:56,45.43223,12.356757,14,183,84
26,15:34:56,45.43223,12.356757,18,241,85
27,15:34:56,45.43223,12.356757,17,191,84
28,15:34:56,45.43223,12.356757,13,190,89
29,15:34:56,45.43223,12.356757,16,212,84
30,15:34:56,45.43223,12.356757,13,200,108
31,15:34:56,45.43223,12.356757,17,240,93
32,15:34:56,45.43223,12.356757,18,229,96
33,15:34:56,45.43223,12.356757,19,202,110
34,15:34:56,45.43223,12.356757,15,238,82
35,15:35:05,45.432167,12.356761,17,237,91
36,15:35:05,45.432167,12.356761,14,235,116
37,15:35:05,45.432167,12.356761,17,230,112
38,15:35:05,45.432167,12.356761,12,239,113
39,15:35:05,45.432167,12.356761,16,232,104
40,15:35:05,45.432167,12.356761,17,236,98
41,15:35:05,45.432167,12.356761,15,237,106
42,15:35:13,45.432103,12.356766,16,241,94
43,15:35:13,45.432103,12.356766,15,208,89
44,15:35:13,45.432103,12.356766,12,239,120
45,15:35:13,45.432103,12.356766,13,184,116
46,15:35:13,45.432103,12.356766,17,234,82
47,15:35:18,45.43204,12.35677,15,195,105
48,15:35:18,45.43204,12.35677,16,245,89
49,15:35:18,45.43204,12.35677,18,196,111
50,15:35:18,45.43204,12.35677,12,248,91
51,15:35:18,45.43204,12.35677,17,231,110
52,15:35:18,45.43204,12.35677,13,191,97
53,15:35:18,45.43204,12.35677,14,181,114
54,15:35:22,45.431977,12.356775,15,249,106
55,15:35:22,45.431977,12.356775,18,213,95
56,15:35:22,45.431977,12.356775,12,195,91
57,15:35:22,45.431977,12.356775,13,187,101
58,15:35:22,45.431977,12.356775,12,186,99
59,15:35:22,45.431977,12.356775,13,201,102
60,15:35:25,45.431913,12.35678,16,206,98
61,15:35:25,45.431913,12.35678,17,198,111
62,15:35:25,45.431913,12.35678,12,205,110
63,15:35:30,45.43185,12.356784,15,185,105
64,15:35:30,45.43185,12.356784,12,214,99
65,15:35:30,45.43185,12.356784,15,206,115
66,15:35:30,45.43185,12.356784,13,234,105
67,15:35:34,45.431787,12.356789,14,206,102
68,15:35:34,45.431787,12.356789,18,195,83
69,15:35:34,45.431787,12.356789,12,181,86
70,15:35:34,45.431787,12.356789,13,185,104
71,15:35:34,45.431787,12.356789,17,248,114
72,15:35:40,45.431724,12.356794,18,220,115
73,15:35:40,45.431724,12.356794,15,183,99
74,15:35:40,45.431724,12.356794,17,206,98
75,15:35:40,45.431724,12.356794,18,238,118
76,15:35:40,45.431724,12.356794,15,207,92
77,15:35:40,45.431724,12.356794,16,248,81
78,15:35:48,45.43166,12.356798,12,194,108
79,15:35:48,45.43166,12.356798,15,200,111
80,15:35:48,45.43166,12.356798,16,183,116
81,15:35:48,45.43166,12.356798,14,202,84
82,15:35:48,45.43166,12.356798,15,187,80
83,15:35:55,45.431597,12.356803,18,221,106
84,15:35:55,45.431597,12.356803,15,184,110
85,15:35:55,45.431597,12.356803,17,183,82
86,15:35:55,45.431597,12.356803,13,202,119
87,15:35:55,45.431597,12.356803,12,197,120
88,15:36:06,45.431534,12.356808,13,239,97
89,15:36:06,45.431534,12.356808,12,199,90
90,15:36:06,45.431534,12.356808,15,221,81
91,15:36:06,45.431534,12.356808,16,186,91
92,15:36:13,45.43147,12.356812,17,241,102
93,15:36:13,45.43147,12.356812,18,205,116
94,15:36:13,45.43147,12.356812,13,195,99
95,15:36:13,45.43147,12.356812,17,214,100
96,15:36:20,45.431407,12.356817,16,199,111
97,15:36:20,45.431407,12.356817,13,214,106
98,15:36:20,45.431407,12.356817,14,233,98
99,15:36:20,45.431407,12.356817,17,208,117
100,15:36:20,45.431407,12.356817,18,244,90
101,15:36:28,45.431344,12.356822,15,191,120
102,15:36:28,45.431344,12.356822,16,235,114
103,15:36:28,45.431344,12.356822,15,212,115
104,15:36:28,45.431344,12.356822,16,192,91
105,15:36:30,45.43128,12.356826,12,242,120
106,15:36:30,45.43128,12.356826,15,232,110
107,15:36:30,45.43128,12.356826,17,215,96
108,15:36:30,45.43128,12.356826,14,234,87
109,15:36:30,45.43128,12.356826,17,191,108
110,15:36:30,45.43128,12.356826,12,250,110
111,15:36:30,45.43128,12.356826,13,199,87
112,15:36:37,45.431217,12.356831,16,203,111
113,15:36:37,45.431217,12.356831,17,236,94
114,15:36:37,45.431217,12.356831,13,180,110
115,15:36:37,45.431217,12.356831,14,202,94
116,15:36:37,45.431217,12.356831,15,227,116
117,15:36:43,45.431154,12.356835,13,220,117
118,15:36:43,45.431154,12.356835,12,196,119
119,15:36:43,45.431154,12.356835,14,192,80
120,15:36:43,45.431154,12.356835,12,222,118
121,15:36:43,45.431154,12.356835,16,223,91
122,15:36:43,45.431154,12.356835,12,246,100
123,15:36:49,45.431125,12.356762,17,229,88
124,15:36:49,45.431125,12.356762,12,228,101
125,15:36:49,45.431125,12.356762,13,202,83
126,15:36:49,45.431125,12.356762,16,187,113
127,15:36:49,45.431125,12.356762,14,225,101
128,15:36:55,45.431101,12.356678,12,185,84
129,15:36:55,45.431101,12.356678,17,195,120
130,15:36:55,45.431101,12.356678,18,235,109
131,15:36:55,45.431101,12.356678,17,209,117
132,15:36:55,45.431101,12.356678,15,190,89
133,15:36:55,45.431101,12.356678,13,206,91
134,15:37:01,45.431054,12.356664,16,196,84
135,15:37:01,45.431054,12.356664,17,212,118
136,15:37:01,45.431054,12.356664,13,225,111
137,15:37:01,45.431054,12.356664,12,193,114
138,15:37:01,45.431054,12.356664,17,242,107
139,15:37:01,45.431054,12.356664,12,199,101
140,15:37:01,45.431054,12.356664,16,180,95
141,15:37:01,45.431054,12.356664,12,237,109
142,15:37:01,45.431054,12.356664,14,209,104
143,15:37:01,45.431054,12.356664,13,216,107
144,15:37:01,45.431054,12.356664,14,238,86
145,15:37:01,45.431054,12.356664,15,234,117
146,15:37:14,45.430994,12.356692,13,235,116
147,15:37:14,45.430994,12.356692,16,224,100
148,15:37:14,45.430994,12.356692,13,248,101
149,15:37:14,45.430994,12.356692,14,213,116
150,15:37:14,45.430994,12.356692,15,237,92
151,15:37:14,45.430994,12.356692,14,239,116
152,15:37:14,45.430994,12.356692,16,202,100
153,15:37:14,45.430994,12.356692,14,222,98
154,15:37:20,45.430934,12.35672,17,223,83
155,15:37:20,45.430934,12.35672,18,215,118
156,15:37:20,45.430934,12.35672,15,194,119
157,15:37:20,45.430934,12.35672,14,221,118
158,15:37:27,45.430874,12.356748,18,222,86
159,15:37:27,45.430874,12.356748,16,224,119
160,15:37:27,45.430874,12.356748,17,180,92
161,15:37:27,45.430874,12.356748,12,203,94
162,15:37:27,45.430874,12.356748,14,188,86
163,15:37:33,45.430813,12.356776,18,205,102
164,15:37:33,45.430813,12.356776,15,250,97
165,15:37:33,45.430813,12.356776,33,378,136
166,15:37:33,45.430813,12.356776,34,400,142
167,15:37:33,45.430813,12.356776,41,323,136
168,15:37:33,45.430813,12.356776,35,330,135
169,15:37:33,45.430813,12.356776,40,331,146
170,15:37:40,45.430753,12.356804,31,314,141
171,15:37:40,45.430753,12.356804,42,305,142
172,15:37:40,45.430753,12.356804,37,306,135
173,15:37:40,45.430753,12.356804,42,349,149
174,15:37:40,45.430753,12.356804,35,353,146
175,15:37:46,45.430693,12.356832,44,301,150
176,15:37:46,45.430693,12.356832,31,361,149
177,15:37:46,45.430693,12.356832,32,322,142
178,15:37:46,45.430693,12.356832,30,313,147
179,15:37:46,45.430693,12.356832,39,342,135
180,15:37:46,45.430693,12.356832,35,352,136
181,15:37:46,45.430693,12.356832,42,357,138
182,15:37:53,45.430631,12.356852,30,311,135
183,15:37:53,45.430631,12.356852,37,320,136
184,15:37:53,45.430631,12.356852,43,397,143
185,15:37:53,45.430631,12.356852,42,392,144
186,15:37:53,45.430631,12.356852,37,304,145
187,15:37:59,45.430568,12.356864,39,343,149
188,15:37:59,45.430568,12.356864,33,329,145
189,15:37:59,45.430568,12.356864,41,389,136
190,15:37:59,45.430568,12.356864,44,362,143
191,15:37:59,45.430568,12.356864,30,351,136
192,15:37:59,45.430568,12.356864,44,353,141
193,15:37:59,45.430568,12.356864,45,311,150
194,15:37:59,45.430568,12.356864,33,390,146
195,15:37:59,45.430568,12.356864,42,309,149
196,15:37:59,45.430568,12.356864,31,357,147
197,15:37:59,45.430568,12.356864,41,342,141
198,15:37:59,45.430568,12.356864,43,304,143
199,15:38:12,45.430505,12.356873,31,367,150
200,15:38:12,45.430505,12.356873,33,383,149
201,15:38:12,45.430505,12.356873,45,319,146
202,15:38:12,45.430505,12.356873,36,338,150
203,15:38:12,45.430505,12.356873,32,376,145
204,15:38:12,45.430505,12.356873,39,317,150
205,15:38:12,45.430505,12.356873,43,366,136
206,15:38:12,45.430505,12.356873,36,365,149
207,15:38:12,45.430505,12.356873,40,370,138
208,15:38:12,45.430505,12.356873,38,315,140
209,15:38:12,45.430505,12.356873,31,357,145
210,15:38:24,45.430442,12.356869,40,350,141
211,15:38:25,45.430379,12.356864,44,311,149
212,15:38:25,45.430379,12.356864,38,397,143
213,15:38:25,45.430379,12.356864,35,329,138
214,15:38:25,45.430379,12.356864,41,314,137
215,15:38:25,45.430379,12.356864,32,311,148
216,15:38:25,45.430379,12.356864,33,330,144
217,15:38:25,45.430379,12.356864,31,373,146
218,15:38:32,45.430316,12.356867,39,339,136
219,15:38:32,45.430316,12.356867,30,400,140
220,15:38:32,45.430316,12.356867,18,191,83
221,15:38:32,45.430316,12.356867,12,186,96
222,15:38:32,45.430316,12.356867,15,185,97
223,15:38:38,45.430254,12.356888,14,191,85
224,15:38:38,45.430254,12.356888,16,244,97
225,15:38:38,45.430254,12.356888,17,187,95
226,15:38:38,45.430254,12.356888,18,221,106
227,15:38:38,45.430254,12.356888,16,185,116
228,15:38:38,45.430254,12.356888,15,236,83
229,15:38:38,45.430254,12.356888,16,247,96
230,15:38:38,45.430254,12.356888,17,250,90
231,15:38:38,45.430254,12.356888,18,232,86
232,15:38:38,45.430254,12.356888,14,250,111
233,15:38:38,45.430254,12.356888,12,220,97
234,15:38:38,45.430254,12.356888,14,205,98
235,15:38:51,45.430193,12.356909,17,245,107
236,15:38:51,45.430193,12.356909,13,202,98
237,15:38:51,45.430193,12.356909,12,195,116
238,15:38:51,45.430193,12.356909,18,211,105
239,15:38:51,45.430193,12.356909,13,186,99
240,15:38:51,45.430193,12.356909,18,231,100
241,15:38:51,45.430193,12.356909,14,221,117
242,15:38:51,45.430193,12.356909,18,239,81
243,15:38:51,45.430193,12.356909,15,186,88
244,15:38:51,45.430193,12.356909,17,235,89
245,15:38:51,45.430193,12.356909,13,226,112
246,15:38:51,45.430193,12.356909,14,209,107
247,15:39:04,45.430131,12.35693,12,224,112
248,15:39:04,45.430131,12.35693,15,222,103
249,15:39:04,45.430131,12.35693,12,239,102
250,15:39:04,45.430131,12.35693,13,240,84
251,15:39:04,45.430131,12.35693,15,189,108
252,15:39:04,45.430131,12.35693,17,197,96
253,15:39:10,45.430073,12.356964,16,187,101
254,15:39:10,45.430073,12.356964,17,193,117
255,15:39:10,45.430073,12.356964,18,191,97
256,15:39:10,45.430073,12.356964,19,193,95
257,15:39:10,45.430073,12.356964,16,240,94
258,15:39:10,45.430073,12.356964,15,200,117
259,15:39:17,45.430015,12.357001,16,198,93
260,15:39:17,45.430015,12.357001,17,225,100
261,15:39:17,45.430015,12.357001,15,249,114
262,15:39:17,45.430015,12.357001,12,238,81
263,15:39:17,45.430015,12.357001,14,185,101
264,15:39:17,45.430015,12.357001,18,207,98
265,15:39:17,45.430015,12.357001,17,250,108
266,15:39:24,45.429957,12.357038,14,232,114
267,15:39:24,45.429957,12.357038,12,194,90
268,15:39:24,45.429957,12.357038,15,195,105
269,15:39:24,45.429957,12.357038,13,215,83
270,15:39:24,45.429957,12.357038,15,199,120
271,15:39:30,45.429899,12.357075,18,204,112
272,15:39:30,45.429899,12.357075,19,210,90
273,15:39:30,45.429899,12.357075,16,224,113
274,15:39:30,45.429899,12.357075,17,244,110
275,15:39:30,45.429899,12.357075,12,184,86
276,15:39:30,45.429899,12.357075,18,181,96
277,15:39:30,45.429899,12.357075,19,201,99
278,15:39:37,45.429895,12.35714,12,200,97
279,15:39:37,45.429895,12.35714,16,235,108
280,15:39:37,45.429895,12.35714,13,205,106
281,15:39:37,45.429895,12.35714,12,232,100
282,15:39:37,45.429895,12.35714,13,215,93
283,15:39:43,45.429923,12.357221,17,198,95
284,15:39:43,45.429923,12.357221,13,212,115
285,15:39:43,45.429923,12.357221,16,184,91
286,15:39:43,45.429923,12.357221,15,218,99
287,15:39:43,45.429923,12.357221,16,198,106
288,15:39:43,45.429923,12.357221,17,247,111
289,15:39:43,45.429923,12.357221,18,230,84
290,15:39:50,45.42995,12.357303,12,212,108
291,15:39:50,45.42995,12.357303,18,199,118
292,15:39:50,45.42995,12.357303,16,220,83
293,15:39:50,45.42995,12.357303,14,181,91
294,15:39:50,45.42995,12.357303,13,221,92
295,15:39:56,45.429978,12.357384,14,197,93
296,15:39:56,45.429978,12.357384,16,203,97
297,15:39:56,45.429978,12.357384,17,212,110
298,15:39:56,45.429978,12.357384,15,246,96
299,15:39:56,45.429978,12.357384,14,186,94
300,15:39:56,45.429978,12.357384,18,238,107
301,15:39:56,45.429978,12.357384,17,217,114
302,15:40:03,45.430005,12.357465,18,227,120
303,15:40:03,45.430005,12.357465,15,210,88
304,15:40:03,45.430005,12.357465,14,191,84
305,15:40:03,45.430005,12.357465,15,210,113
306,15:40:03,45.430005,12.357465,18,244,90
307,15:40:03,45.430005,12.357465,14,220,109
308,15:40:03,45.430005,12.357465,15,205,85
309,15:40:03,45.430005,12.357465,13,180,118
310,15:40:03,45.430005,12.357465,14,246,80
311,15:40:03,45.430005,12.357465,12,245,97
312,15:40:03,45.430005,12.357465,13,205,104
313,15:40:03,45.430005,12.357465,14,196,94
314,15:40:16,45.430032,12.357547,16,234,82
315,15:40:16,45.430032,12.357547,14,199,107
316,15:40:19,45.43006,12.357628,18,183,84
317,15:40:19,45.43006,12.357628,19,217,116
318,15:40:19,45.43006,12.357628,15,191,100
319,15:40:19,45.43006,12.357628,18,241,101
320,15:40:19,45.43006,12.357628,13,180,81
321,15:40:19,45.43006,12.357628,14,239,80
322,15:40:19,45.43006,12.357628,16,228,88
323,15:40:19,45.43006,12.357628,17,208,108
324,15:40:19,45.43006,12.357628,18,182,82
325,15:40:28,45.430087,12.35771,16,218,108
326,15:40:28,45.430087,12.35771,12,241,89
327,15:40:28,45.430087,12.35771,15,217,81
328,15:40:28,45.430087,12.35771,14,235,87
329,15:40:28,45.430087,12.35771,17,185,116
330,15:40:28,45.430087,12.35771,14,227,95
331,15:40:28,45.430087,12.35771,12,228,97
332,15:40:28,45.430087,12.35771,13,248,105
333,15:40:28,45.430087,12.35771,14,197,106
334,15:40:28,45.430087,12.35771,16,241,103
335,15:40:40,45.430115,12.357791,14,211,114
336,15:40:40,45.430115,12.357791,13,226,89
337,15:40:40,45.430115,12.357791,14,234,103
338,15:40:43,45.430142,12.357873,17,192,86
339,15:40:43,45.430142,12.357873,12,214,112
340,15:40:43,45.430142,12.357873,13,203,92
341,15:40:43,45.430142,12.357873,18,248,87
342,15:40:43,45.430142,12.357873,14,212,92
343,15:40:48,45.430169,12.357954,18,201,88
344,15:40:48,45.430169,12.357954,12,208,98
345,15:40:48,45.430169,12.357954,14,241,84
346,15:40:48,45.430169,12.357954,18,209,88
347,15:40:52,45.430197,12.358036,14,194,109
348,15:40:52,45.430197,12.358036,15,223,99
349,15:40:52,45.430197,12.358036,13,224,102
350,15:40:52,45.430197,12.358036,17,184,88
351,15:40:52,45.430197,12.358036,15,215,93
352,15:40:52,45.430197,12.358036,12,216,102
353,15:40:52,45.430197,12.358036,13,213,86
354,15:40:52,45.430197,12.358036,15,228,118
355,15:40:52,45.430197,12.358036,14,209,85
356,15:40:52,45.430197,12.358036,15,188,80
357,15:40:52,45.430197,12.358036,12,196,83
358,15:40:52,45.430197,12.358036,17,224,102
359,15:40:52,45.430197,12.358036,18,239,85
360,15:40:52,45.430197,12.358036,17,211,114
361,15:40:52,45.430197,12.358036,16,220,116
362,15:41:09,45.430224,12.358117,12,202,94
363,15:41:09,45.430224,12.358117,13,246,80
364,15:41:09,45.430224,12.358117,16,227,99
365,15:41:09,45.430224,12.358117,15,219,100
366,15:41:09,45.430224,12.358117,12,213,106
367,15:41:15,45.430252,12.358198,15,195,85
368,15:41:15,45.430252,12.358198,13,201,92
369,15:41:15,45.430252,12.358198,12,247,115
370,15:41:15,45.430252,12.358198,17,239,89
371,15:41:15,45.430252,12.358198,16,192,120
372,15:41:15,45.430252,12.358198,17,233,95
373,15:41:21,45.430267,12.358273,16,205,97
374,15:41:21,45.430267,12.358273,17,242,87
375,15:41:21,45.430267,12.358273,14,243,96
376,15:41:21,45.430267,12.358273,13,249,115
377,15:41:21,45.430267,12.358273,14,250,89
378,15:41:21,45.430267,12.358273,13,215,118
379,15:41:21,45.430267,12.358273,14,225,86
380,15:41:28,45.430208,12.358309,15,201,101
381,15:41:28,45.430208,12.358309,16,215,92
382,15:41:28,45.430208,12.358309,14,235,93
383,15:41:28,45.430208,12.358309,13,194,83
384,15:41:28,45.430208,12.358309,18,201,114
385,15:41:34,45.43015,12.358345,16,193,103
386,15:41:34,45.43015,12.358345,14,224,117
387,15:41:34,45.43015,12.358345,15,181,119
388,15:41:34,45.43015,12.358345,16,243,82
389,15:41:34,45.43015,12.358345,14,212,86
390,15:41:34,45.43015,12.358345,12,192,102
391,15:41:34,45.43015,12.358345,16,249,87
392,15:41:41,45.430124,12.358398,12,235,114
393,15:41:41,45.430124,12.358398,17,246,86
394,15:41:41,45.430124,12.358398,15,191,108
395,15:41:45,45.430152,12.358479,12,214,94
396,15:41:45,45.430152,12.358479,17,228,104
397,15:41:47,45.43018,12.35856,15,225,105
398,15:41:47,45.43018,12.35856,13,206,107
399,15:41:47,45.43018,12.35856,16,193,101
400,15:41:47,45.43018,12.35856,18,248,118
401,15:41:47,45.43018,12.35856,13,189,88
402,15:41:47,45.43018,12.35856,18,228,115
403,15:41:47,45.43018,12.35856,14,196,106
404,15:41:55,45.430208,12.358641,17,199,98
405,15:41:55,45.430208,12.358641,12,210,96
406,15:41:55,45.430208,12.358641,15,224,83
407,15:41:55,45.430208,12.358641,18,191,99
408,15:41:55,45.430208,12.358641,14,198,114
409,15:42:00,45.430235,12.358722,16,222,119
410,15:42:00,45.430235,12.358722,15,197,104
411,15:42:00,45.430235,12.358722,16,198,105
412,15:42:00,45.430235,12.358722,15,210,120
413,15:42:00,45.430235,12.358722,16,183,91
414,15:42:00,45.430235,12.358722,15,226,92
415,15:42:00,45.430235,12.358722,16,181,91
416,15:42:07,45.430263,12.358804,18,227,96
417,15:42:07,45.430263,12.358804,13,200,81
418,15:42:07,45.430263,12.358804,16,231,94
419,15:42:07,45.430263,12.358804,14,232,119
420,15:42:12,45.430291,12.358885,15,189,94
421,15:42:13,45.430319,12.358966,16,244,110
422,15:42:13,45.430319,12.358966,17,224,111
423,15:42:13,45.430319,12.358966,18,248,116
424,15:42:13,45.430319,12.358966,12,231,102
425,15:42:13,45.430319,12.358966,18,232,104
426,15:42:13,45.430319,12.358966,13,218,107
427,15:42:13,45.430319,12.358966,15,237,98
428,15:42:20,45.430346,12.359047,14,236,109
429,15:42:20,45.430346,12.359047,18,196,107
430,15:42:20,45.430346,12.359047,19,216,98
431,15:42:20,45.430346,12.359047,14,209,114
432,15:42:20,45.430346,12.359047,13,241,95
433,15:42:20,45.430346,12.359047,18,231,112
434,15:42:20,45.430346,12.359047,14,240,117
435,15:42:29,45.430374,12.359128,13,208,102
436,15:42:29,45.430374,12.359128,15,233,111
437,15:42:29,45.430374,12.359128,18,247,86
438,15:42:29,45.430374,12.359128,13,187,110
439,15:42:29,45.430374,12.359128,15,184,99
440,15:42:34,45.430402,12.35921,16,201,113
441,15:42:34,45.430402,12.35921,14,195,120
442,15:42:34,45.430402,12.35921,15,241,84
443,15:42:34,45.430402,12.35921,13,233,119
444,15:42:38,45.430374,12.359282,15,190,86
445,15:42:38,45.430374,12.359282,12,236,81
446,15:42:38,45.430374,12.359282,17,241,87
447,15:42:38,45.430374,12.359282,12,190,93
448,15:42:38,45.430374,12.359282,13,236,119
449,15:42:38,45.430374,12.359282,14,206,112
450,15:42:38,45.430374,12.359282,12,247,118
451,15:42:38,45.430374,12.359282,14,194,98
452,15:42:38,45.430374,12.359282,18,236,83
453,15:42:38,45.430374,12.359282,13,228,110
454,15:42:38,45.430374,12.359282,16,211,96
455,15:42:38,45.430374,12.359282,17,246,87
456,15:42:38,45.430374,12.359282,14,248,115
457,15:42:38,45.430374,12.359282,12,188,95
458,15:42:38,45.430374,12.359282,37,395,135
459,15:42:38,45.430374,12.359282,38,392,149
460,15:42:38,45.430374,12.359282,32,337,136
461,15:42:38,45.430374,12.359282,45,386,140
462,15:42:38,45.430374,12.359282,41,356,141
463,15:42:58,45.430318,12.359325,32,365,143
464,15:42:58,45.430318,12.359325,37,309,140
465,15:42:58,45.430318,12.359325,38,352,141
466,15:42:58,45.430318,12.359325,34,341,139
467,15:42:58,45.430318,12.359325,33,380,138
468,15:43:04,45.430263,12.359369,35,331,140
469,15:43:04,45.430263,12.359369,43,310,139
470,15:43:04,45.430263,12.359369,40,381,149
471,15:43:04,45.430263,12.359369,42,350,148
472,15:43:04,45.430263,12.359369,45,382,145
473,15:43:09,45.430245,12.359449,31,316,150
474,15:43:09,45.430245,12.359449,45,328,149
475,15:43:11,45.430238,12.359538,43,391,138
476,15:43:11,45.430238,12.359538,45,328,141
477,15:43:11,45.430238,12.359538,38,355,135
478,15:43:11,45.430238,12.359538,30,331,136
479,15:43:11,45.430238,12.359538,44,315,139
480,15:43:17,45.430231,12.359628,38,333,149
481,15:43:17,45.430231,12.359628,33,378,139
482,15:43:17,45.430231,12.359628,31,393,142
483,15:43:17,45.430231,12.359628,44,355,141
484,15:43:17,45.430231,12.359628,41,320,148
485,15:43:17,45.430231,12.359628,43,361,147
486,15:43:17,45.430231,12.359628,33,365,143
487,15:43:17,45.430231,12.359628,34,352,135
488,15:43:17,45.430231,12.359628,36,357,147
489,15:43:17,45.430231,12.359628,34,360,140
490,15:43:17,45.430231,12.359628,30,300,139
491,15:43:17,45.430231,12.359628,32,361,140
492,15:43:30,45.43021,12.359709,36,308,138
493,15:43:30,45.43021,12.359709,38,376,145
494,15:43:30,45.43021,12.359709,39,305,143
495,15:43:30,45.43021,12.359709,35,397,148
496,15:43:30,45.43021,12.359709,32,309,135
497,15:43:30,45.43021,12.359709,35,322,136
498,15:43:30,45.43021,12.359709,32,353,137
499,15:43:30,45.43021,12.359709,42,385,150
500,15:43:30,45.43021,12.359709,32,308,141
501,15:43:30,45.43021,12.359709,42,354,137
502,15:43:30,45.43021,12.359709,16,207,114
503,15:43:30,45.43021,12.359709,15,241,96
504,15:43:30,45.43021,12.359709,13,202,115
505,15:43:30,45.43021,12.359709,15,204,110
506,15:43:30,45.43021,12.359709,13,197,80
507,15:43:30,45.43021,12.359709,18,234,90
508,15:43:30,45.43021,12.359709,17,241,113
509,15:43:30,45.43021,12.359709,15,181,92
510,15:43:30,45.43021,12.359709,16,214,110
511,15:43:30,45.43021,12.359709,12,197,99
512,15:43:30,45.43021,12.359709,15,249,92
513,15:43:30,45.43021,12.359709,12,187,115
514,15:43:30,45.43021,12.359709,17,212,116
515,15:43:55,45.430167,12.359775,18,225,101
516,15:43:55,45.430167,12.359775,16,203,102
517,15:43:55,45.430167,12.359775,17,205,113
518,15:43:55,45.430167,12.359775,14,235,114
519,15:43:55,45.430167,12.359775,12,247,99
520,15:43:55,45.430167,12.359775,14,230,113
521,15:43:55,45.430167,12.359775,18,201,87
522,15:43:55,45.430167,12.359775,17,217,105
523,15:43:55,45.430167,12.359775,13,182,119
524,15:43:55,45.430167,12.359775,14,248,96
525,15:43:55,45.430167,12.359775,13,233,117
526,15:44:07,45.430123,12.359841,14,225,114
527,15:44:08,45.43008,12.359907,13,235,89
528,15:44:08,45.43008,12.359907,18,246,96
529,15:44:08,45.43008,12.359907,12,242,95
530,15:44:08,45.43008,12.359907,15,243,109
531,15:44:08,45.43008,12.359907,14,220,118
532,15:44:08,45.43008,12.359907,13,186,96
533,15:44:08,45.43008,12.359907,17,218,101
534,15:44:08,45.43008,12.359907,18,190,87
535,15:44:08,45.43008,12.359907,17,199,92
536,15:44:08,45.43008,12.359907,14,233,102
537,15:44:08,45.43008,12.359907,15,215,108
538,15:44:08,45.43008,12.359907,16,246,87
539,15:44:21,45.430037,12.359973,15,201,102
540,15:44:21,45.430037,12.359973,18,219,87
541,15:44:21,45.430037,12.359973,19,250,105
542,15:44:21,45.430037,12.359973,12,247,98
543,15:44:21,45.430037,12.359973,13,243,94
544,15:44:26,45.429994,12.36004,15,193,98
545,15:44:26,45.429994,12.36004,18,240,93
546,15:44:26,45.429994,12.36004,15,243,83
547,15:44:26,45.429994,12.36004,14,249,97
548,15:44:26,45.429994,12.36004,13,211,82
549,15:44:33,45.429951,12.360106,14,186,109
550,15:44:33,45.429951,12.360106,15,240,97
551,15:44:33,45.429951,12.360106,13,223,117
552,15:44:33,45.429951,12.360106,14,243,87
553,15:44:33,45.429951,12.360106,15,241,92
554,15:44:33,45.429951,12.360106,16,197,87
555,15:44:33,45.429951,12.360106,15,237,113
556,15:44:33,45.429951,12.360106,12,194,91
557,15:44:40,45.429908,12.360172,17,215,92
558,15:44:40,45.429908,12.360172,13,241,98
559,15:44:40,45.429908,12.360172,17,218,103
560,15:44:40,45.429908,12.360172,13,222,119
561,15:44:45,45.429864,12.360238,15,224,109
562,15:44:45,45.429864,12.360238,16,231,115
563,15:44:45,45.429864,12.360238,17,242,88
564,15:44:45,45.429864,12.360238,16,237,117
565,15:44:45,45.429864,12.360238,17,244,94
566,15:44:45,45.429864,12.360238,16,221,118
567,15:44:45,45.429864,12.360238,12,229,97
568,15:44:52,45.429821,12.360304,13,245,85
569,15:44:52,45.429821,12.360304,18,217,115
570,15:44:52,45.429821,12.360304,14,205,86
571,15:44:52,45.429821,12.360304,18,208,106
572,15:44:52,45.429821,12.360304,13,244,87
573,15:44:58,45.429778,12.36037,14,238,116
574,15:44:58,45.429778,12.36037,15,198,80
575,15:44:58,45.429778,12.36037,14,243,112
576,15:44:58,45.429778,12.36037,13,211,118
577,15:44:58,45.429778,12.36037,17,198,88
578,15:44:58,45.429778,12.36037,18,240,105
579,15:44:58,45.429778,12.36037,19,227,88
580,15:45:05,45.429735,12.360436,13,214,107
581,15:45:05,45.429735,12.360436,14,190,115
582,15:45:05,45.429735,12.360436,12,232,95
583,15:45:05,45.429735,12.360436,17,241,97
584,15:45:10,45.429692,12.360502,14,210,83
585,15:45:10,45.429692,12.360502,15,197,106
586,15:45:10,45.429692,12.360502,12,198,109
587,15:45:10,45.429692,12.360502,16,180,94
588,15:45:10,45.429692,12.360502,15,227,116
589,15:45:10,45.429692,12.360502,14,219,117
590,15:45:10,45.429692,12.360502,17,203,111
591,15:45:10,45.429692,12.360502,12,215,114
592,15:45:10,45.429692,12.360502,13,193,92
593,15:45:10,45.429692,12.360502,18,222,98
594,15:45:10,45.429692,12.360502,14,187,117
595,15:45:10,45.429692,12.360502,17,237,112
596,15:45:23,45.429685,12.360589,13,205,105
597,15:45:23,45.429685,12.360589,16,219,91
598,15:45:23,45.429685,12.360589,17,204,104
599,15:45:23,45.429685,12.360589,13,208,119
600,15:45:23,45.429685,12.360589,12,201,105
601,15:45:23,45.429685,12.360589,18,216,81
602,15:45:23,45.429685,12.360589,13,202,97
603,15:45:30,45.429683,12.36068,18,215,98
604,15:45:30,45.429683,12.36068,13,238,99
605,15:45:30,45.429683,12.36068,16,227,90
606,15:45:30,45.429683,12.36068,17,181,116
607,15:45:30,45.429683,12.36068,18,205,120
608,15:45:30,45.429683,12.36068,19,217,87
609,15:45:30,45.429683,12.36068,16,181,82
610,15:45:30,45.429683,12.36068,15,238,115
611,15:45:30,45.429683,12.36068,18,229,88
612,15:45:30,45.429683,12.36068,12,197,118
613,15:45:30,45.429683,12.36068,14,227,96
614,15:45:30,45.429683,12.36068,13,210,109
615,15:45:30,45.429683,12.36068,15,225,120
616,15:45:30,45.429683,12.36068,14,227,89
617,15:45:30,45.429683,12.36068,12,189,85
618,15:45:30,45.429683,12.36068,18,180,86
619,15:45:30,45.429683,12.36068,15,250,92
620,15:45:49,45.429682,12.36077,13,194,116
621,15:45:49,45.429682,12.36077,12,231,85
622,15:45:49,45.429682,12.36077,17,239,96
623,15:45:49,45.429682,12.36077,15,196,98
624,15:45:49,45.429682,12.36077,16,243,83
625,15:45:49,45.429682,12.36077,13,211,98
626,15:45:49,45.429682,12.36077,14,185,92
627,15:45:56,45.429681,12.36086,13,223,85
628,15:45:56,45.429681,12.36086,16,198,81
629,15:45:56,45.429681,12.36086,15,229,109
630,15:45:56,45.429681,12.36086,18,189,111
631,15:46:05,45.429679,12.360951,15,219,82
632,15:46:05,45.429679,12.360951,18,232,80
633,15:46:05,45.429679,12.360951,17,222,107
634,15:46:05,45.429679,12.360951,13,246,105
635,15:46:05,45.429679,12.360951,14,204,87
636,15:46:12,45.429629,12.360963,17,214,111
637,15:46:12,45.429629,12.360963,12,212,94
638,15:46:12,45.429629,12.360963,18,199,110
639,15:46:12,45.429629,12.360963,15,202,96
640,15:46:12,45.429629,12.360963,18,238,108
641,15:46:12,45.429629,12.360963,14,246,101
642,15:46:17,45.429597,12.361009,13,212,95
643,15:46:17,45.429597,12.361009,12,183,112
644,15:46:17,45.429597,12.361009,18,181,83
645,15:46:17,45.429597,12.361009,12,236,114
646,15:46:17,45.429597,12.361009,13,250,87
647,15:46:17,45.429597,12.361009,14,245,113
648,15:46:20,45.429592,12.361099,12,207,99
649,15:46:20,45.429592,12.361099,13,235,117
650,15:46:20,45.429592,12.361099,16,238,113
651,15:46:20,45.429592,12.361099,17,211,89
652,15:46:20,45.429592,12.361099,14,199,90
653,15:46:20,45.429592,12.361099,15,193,107
654,15:46:20,45.429592,12.361099,13,233,101
655,15:46:20,45.429592,12.361099,14,188,110
656,15:46:20,45.429592,12.361099,15,186,85
657,15:46:29,45.429588,12.361189,16,223,100
658,15:46:29,45.429588,12.361189,17,198,81
659,15:46:29,45.429588,12.361189,18,200,87
660,15:46:29,45.429588,12.361189,17,215,90
661,15:46:33,45.429583,12.361279,13,185,114
662,15:46:33,45.429583,12.361279,15,234,110
663,15:46:36,45.429578,12.361369,16,224,96
664,15:46:36,45.429578,12.361369,18,215,108
665,15:46:38,45.429573,12.361459,12,216,93
666,15:46:38,45.429573,12.361459,14,212,82
667,15:46:38,45.429573,12.361459,17,221,87
668,15:46:38,45.429573,12.361459,13,219,114
669,15:46:38,45.429573,12.361459,17,241,115
670,15:46:38,45.429573,12.361459,12,191,116
671,15:46:38,45.429573,12.361459,15,204,84
672,15:46:45,45.429547,12.36152,14,214,102
673,15:46:45,45.429547,12.36152,18,191,90
674,15:46:45,45.429547,12.36152,12,215,108
675,15:46:45,45.429547,12.36152,13,218,83
676,15:46:45,45.429547,12.36152,14,188,97
677,15:46:51,45.429523,12.36158,13,227,110
678,15:46:51,45.429523,12.36158,12,189,94
679,15:46:53,45.429522,12.361671,18,223,86
680,15:46:53,45.429522,12.361671,14,230,87
681,15:46:53,45.429522,12.361671,12,209,105
682,15:46:53,45.429522,12.361671,17,225,97
683,15:46:53,45.429522,12.361671,16,192,83
684,15:46:58,45.429522,12.361761,15,195,105
685,15:46:58,45.429522,12.361761,17,182,99
686,15:46:58,45.429522,12.361761,15,214,85
687,15:46:58,45.429522,12.361761,16,249,83
688,15:47:03,45.429521,12.361851,13,223,107
689,15:47:03,45.429521,12.361851,14,224,99
690,15:47:03,45.429521,12.361851,15,208,91
691,15:47:03,45.429521,12.361851,16,236,92
692,15:47:03,45.429521,12.361851,15,219,99
693,15:47:03,45.429521,12.361851,16,240,102
694,15:47:03,45.429521,12.361851,14,239,117
695,15:47:03,45.429521,12.361851,16,220,89
696,15:47:03,45.429521,12.361851,17,233,83
697,15:47:03,45.429521,12.361851,13,232,86
698,15:47:03,45.429521,12.361851,15,186,103
699,15:47:03,45.429521,12.361851,12,247,102
700,15:47:16,45.429492,12.361901,17,198,88
701,15:47:16,45.429492,12.361901,14,246,93
702,15:47:16,45.429492,12.361901,16,217,101
703,15:47:16,45.429492,12.361901,18,244,116
704,15:47:16,45.429492,12.361901,12,236,110
705,15:47:16,45.429492,12.361901,16,212,102
706,15:47:16,45.429492,12.361901,17,237,89
707,15:47:16,45.429492,12.361901,12,225,85
708,15:47:16,45.429492,12.361901,13,204,115
709,15:47:16,45.429492,12.361901,17,216,117
710,15:47:16,45.429492,12.361901,14,186,91
711,15:47:16,45.429492,12.361901,16,215,106
712,15:47:29,45.429429,12.361904,17,228,97
713,15:47:29,45.429429,12.361904,16,236,84
714,15:47:29,45.429429,12.361904,17,235,120
715,15:47:29,45.429429,12.361904,16,224,121
716,15:47:29,45.429429,12.361904,13,210,106
717,15:47:29,45.429429,12.361904,14,188,84
718,15:47:29,45.429429,12.361904,12,245,97
719,15:47:29,45.429429,12.361904,13,238,84
720,15:47:29,45.429429,12.361904,14,202,116
721,15:47:29,45.429429,12.361904,15,193,102
722,15:47:29,45.429429,12.361904,16,184,108
723,15:47:29,45.429429,12.361904,15,242,91
724,15:47:42,45.429422,12.361988,16,206,97
725,15:47:42,45.429422,12.361988,15,210,109
726,15:47:42,45.429422,12.361988,18,217,90
727,15:47:42,45.429422,12.361988,19,226,111
728,15:47:42,45.429422,12.361988,17,250,84
729,15:47:42,45.429422,12.361988,14,195,97
730,15:47:42,45.429422,12.361988,13,236,108
731,15:47:42,45.429422,12.361988,15,237,117
732,15:47:50,45.42942,12.362078,13,188,103
733,15:47:50,45.42942,12.362078,15,197,104
734,15:47:50,45.42942,12.362078,14,207,102
735,15:47:50,45.42942,12.362078,18,245,115
736,15:47:55,45.429418,12.362168,19,194,103
737,15:47:55,45.429418,12.362168,16,200,107
738,15:47:55,45.429418,12.362168,18,195,84
739,15:47:55,45.429418,12.362168,12,245,97
740,15:47:55,45.429418,12.362168,14,236,106
741,15:47:55,45.429418,12.362168,16,245,83
742,15:47:55,45.429418,12.362168,12,216,111
743,15:47:55,45.429418,12.362168,14,236,103
744,15:47:55,45.429418,12.362168,15,232,90
745,15:47:55,45.429418,12.362168,14,219,100
746,15:47:55,45.429418,12.362168,12,216,103
747,15:47:55,45.429418,12.362168,18,202,113
748,15:48:08,45.429416,12.362258,16,205,103
749,15:48:08,45.429416,12.362258,13,194,110
750,15:48:08,45.429416,12.362258,12,226,104
751,15:48:08,45.429416,12.362258,13,242,100
752,15:48:08,45.429416,12.362258,16,248,118
753,15:48:08,45.429416,12.362258,17,184,111
754,15:48:08,45.429416,12.362258,12,182,116
755,15:48:15,45.429414,12.362349,14,204,100
756,15:48:15,45.429414,12.362349,15,182,89
757,15:48:15,45.429414,12.362349,18,203,102
758,15:48:15,45.429414,12.362349,17,234,94
759,15:48:15,45.429414,12.362349,15,185,103
760,15:48:21,45.429382,12.362404,12,233,109
761,15:48:21,45.429382,12.362404,15,200,110
762,15:48:21,45.429382,12.362404,18,233,113
763,15:48:21,45.429382,12.362404,16,216,114
764,15:48:21,45.429382,12.362404,17,214,110
765,15:48:21,45.429382,12.362404,18,225,91
766,15:48:21,45.429382,12.362404,12,217,120
767,15:48:28,45.42932,12.362424,17,244,117
768,15:48:28,45.42932,12.362424,18,221,103
769,15:48:28,45.42932,12.362424,17,190,96
770,15:48:28,45.42932,12.362424,15,192,115
771,15:48:28,45.42932,12.362424,16,217,98
772,15:48:28,45.42932,12.362424,17,240,101
773,15:48:28,45.42932,12.362424,14,245,113
774,15:48:28,45.42932,12.362424,13,223,114
775,15:48:28,45.42932,12.362424,18,211,95
776,15:48:28,45.42932,12.362424,12,222,98
777,15:48:28,45.42932,12.362424,13,237,115
778,15:48:28,45.42932,12.362424,14,198,90
779,15:48:41,45.429259,12.362444,15,233,117
780,15:48:41,45.429259,12.362444,13,195,103
781,15:48:41,45.429259,12.362444,15,235,115
782,15:48:41,45.429259,12.362444,13,203,111
783,15:48:46,45.429197,12.362465,14,195,100
784,15:48:46,45.429197,12.362465,15,235,120
785,15:48:46,45.429197,12.362465,17,243,94
786,15:48:46,45.429197,12.362465,14,207,111
787,15:48:46,45.429197,12.362465,15,234,102
788,15:48:46,45.429197,12.362465,16,246,89
789,15:48:46,45.429197,12.362465,14,212,113
790,15:48:46,45.429197,12.362465,15,222,99
791,15:48:46,45.429197,12.362465,17,238,113
792,15:48:46,45.429197,12.362465,12,181,108
793,15:48:46,45.429197,12.362465,15,221,95
794,15:48:46,45.429197,12.362465,16,236,105
795,15:48:46,45.429197,12.362465,13,180,111
796,15:48:46,45.429197,12.362465,12,183,119
797,15:49:02,45.429167,12.362522,14,240,118
798,15:49:02,45.429167,12.362522,17,250,112
799,15:49:02,45.429167,12.362522,15,192,83
800,15:49:02,45.429167,12.362522,16,220,104
801,15:49:02,45.429167,12.362522,18,222,95
802,15:49:02,45.429167,12.362522,14,240,100
803,15:49:02,45.429167,12.362522,12,223,88
804,15:49:02,45.429167,12.362522,13,184,94
805,15:49:02,45.429167,12.362522,18,234,98
806,15:49:02,45.429167,12.362522,17,211,87
807,15:49:02,45.429167,12.362522,18,216,102
808,15:49:02,45.429167,12.362522,16,187,93
809,15:49:02,45.429167,12.362522,17,214,116
810,15:49:02,45.429167,12.362522,13,230,97
811,15:49:02,45.429167,12.362522,12,211,115
812,15:49:17,45.429167,12.362612,13,223,85
813,15:49:17,45.429167,12.362612,14,234,81
814,15:49:17,45.429167,12.362612,15,236,114
815,15:49:17,45.429167,12.362612,16,187,113
816,15:49:17,45.429167,12.362612,13,205,81
817,15:49:17,45.429167,12.362612,12,186,114
818,15:49:17,45.429167,12.362612,15,231,95
819,15:49:17,45.429167,12.362612,12,234,117
820,15:49:17,45.429167,12.362612,15,245,106
821,15:49:17,45.429167,12.362612,16,192,117
822,15:49:17,45.429167,12.362612,17,235,88
823,15:49:29,45.429138,12.362668,15,215,103
824,15:49:29,45.429138,12.362668,16,219,119
825,15:49:29,45.429138,12.362668,13,229,111
826,15:49:29,45.429138,12.362668,18,225,112
827,15:49:34,45.429076,12.362679,13,186,104
828,15:49:34,45.429076,12.362679,15,243,80
829,15:49:34,45.429076,12.362679,18,185,120
830,15:49:34,45.429076,12.362679,16,200,116
831,15:49:34,45.429076,12.362679,14,246,83
832,15:49:34,45.429076,12.362679,16,211,94
833,15:49:34,45.429076,12.362679,12,222,107
834,15:49:41,45.429013,12.36269,14,228,109
835,15:49:41,45.429013,12.36269,12,212,108
836,15:49:41,45.429013,12.36269,15,199,86
837,15:49:41,45.429013,12.36269,16,214,98
838,15:49:41,45.429013,12.36269,18,188,81
839,15:49:47,45.42895,12.362702,13,191,85
840,15:49:47,45.42895,12.362702,16,250,115
841,15:49:47,45.42895,12.362702,12,180,116
842,15:49:47,45.42895,12.362702,17,214,94
843,15:49:47,45.42895,12.362702,18,218,114
844,15:49:47,45.42895,12.362702,14,201,116
845,15:49:47,45.42895,12.362702,13,226,106
846,15:49:54,45.428887,12.362713,12,217,101
847,15:49:54,45.428887,12.362713,13,243,88
848,15:49:54,45.428887,12.362713,12,221,119
849,15:49:54,45.428887,12.362713,16,195,87
850,15:49:54,45.428887,12.362713,13,197,111
851,15:50:00,45.428824,12.362724,14,223,110
852,15:50:00,45.428824,12.362724,15,184,108
853,15:50:00,45.428824,12.362724,13,187,84
854,15:50:00,45.428824,12.362724,16,234,112
855,15:50:00,45.428824,12.362724,13,232,81
856,15:50:00,45.428824,12.362724,17,216,94
857,15:50:00,45.428824,12.362724,12,181,85
858,15:50:07,45.428761,12.362735,14,241,98
859,15:50:07,45.428761,12.362735,15,249,81
860,15:50:07,45.428761,12.362735,14,228,115
861,15:50:07,45.428761,12.362735,16,200,116
862,15:50:07,45.428761,12.362735,17,202,86
863,15:50:07,45.428761,12.362735,13,235,110
864,15:50:07,45.428761,12.362735,12,247,104
865,15:50:07,45.428761,12.362735,16,180,117
866,15:50:07,45.428761,12.362735,17,186,102
867,15:50:07,45.428761,12.362735,14,231,86
868,15:50:07,45.428761,12.362735,17,220,107
869,15:50:07,45.428761,12.362735,14,209,108
870,15:50:20,45.428698,12.362747,15,225,107
871,15:50:20,45.428698,12.362747,18,209,82
872,15:50:20,45.428698,12.362747,12,244,84
873,15:50:20,45.428698,12.362747,17,207,90
874,15:50:25,45.428635,12.362758,16,201,94
875,15:50:26,45.428572,12.362769,14,207,90
876,15:50:26,45.428572,12.362769,18,194,104
877,15:50:26,45.428572,12.362769,14,184,116
878,15:50:26,45.428572,12.362769,15,212,90
879,15:50:26,45.428572,12.362769,17,195,109
880,15:50:26,45.428572,12.362769,18,236,85
881,15:50:32,45.42851,12.36278,13,181,111
882,15:50:32,45.42851,12.36278,15,185,90
883,15:50:32,45.42851,12.36278,16,183,99
884,15:50:32,45.42851,12.36278,17,213,109
885,15:50:37,45.428447,12.362792,15,185,102
886,15:50:38,45.428384,12.362803,16,204,103
887,15:50:38,45.428384,12.362803,17,243,117
888,15:50:38,45.428384,12.362803,18,197,83
889,15:50:38,45.428384,12.362803,15,191,106
890,15:50:38,45.428384,12.362803,13,209,114
891,15:50:38,45.428384,12.362803,14,190,117
892,15:50:38,45.428384,12.362803,15,202,92
893,15:50:38,45.428384,12.362803,16,219,101
894,15:50:38,45.428384,12.362803,13,220,82
895,15:50:38,45.428384,12.362803,17,233,112
896,15:50:38,45.428384,12.362803,14,199,83
897,15:50:38,45.428384,12.362803,15,230,100
898,15:50:38,45.428384,12.362803,12,248,90
899,15:50:38,45.428384,12.362803,13,205,96
900,15:50:38,45.428384,12.362803,15,220,80
901,15:50:38,45.428384,12.362803,17,240,95
902,15:50:38,45.428384,12.362803,16,181,85
903,15:50:38,45.428384,12.362803,14,190,86
904,15:50:38,45.428384,12.362803,13,195,120
905,15:50:38,45.428384,12.362803,15,188,106
906,15:50:38,45.428384,12.362803,12,198,107
907,15:51:01,45.428321,12.362814,18,239,100
908,15:51:01,45.428321,12.362814,13,247,86
909,15:51:01,45.428321,12.362814,15,233,87
910,15:51:01,45.428321,12.362814,13,186,113
911,15:51:01,45.428321,12.362814,15,206,112
912,15:51:01,45.428321,12.362814,18,217,111
913,15:51:01,45.428321,12.362814,15,228,114
914,15:51:08,45.428258,12.362826,12,229,112
915,15:51:08,45.428258,12.362826,17,199,80
916,15:51:08,45.428258,12.362826,16,207,106
917,15:51:08,45.428258,12.362826,17,182,87
918,15:51:13,45.428195,12.362837,18,213,90
919,15:51:13,45.428195,12.362837,12,180,80
920,15:51:13,45.428195,12.362837,13,224,114
921,15:51:13,45.428195,12.362837,14,238,91
922,15:51:13,45.428195,12.362837,15,209,119
923,15:51:13,45.428195,12.362837,12,192,106
924,15:51:13,45.428195,12.362837,17,181,85
925,15:51:21,45.428132,12.362848,13,238,89
926,15:51:21,45.428132,12.362848,14,184,107
927,15:51:21,45.428132,12.362848,16,201,115
928,15:51:21,45.428132,12.362848,12,231,120
929,15:51:21,45.428132,12.362848,16,215,121
930,15:51:21,45.428132,12.362848,17,225,106
931,15:51:21,45.428132,12.362848,16,246,97
932,15:51:21,45.428132,12.362848,12,217,116
933,15:51:21,45.428132,12.362848,16,195,95
934,15:51:21,45.428132,12.362848,17,230,103
935,15:51:31,45.428069,12.362859,15,233,89
936,15:51:31,45.428069,12.362859,16,242,93
937,15:51:31,45.428069,12.362859,13,194,102
938,15:51:31,45.428069,12.362859,14,181,90
939,15:51:36,45.428007,12.362871,15,212,86
940,15:51:36,45.428007,12.362871,16,195,106
941,15:51:36,45.428007,12.362871,15,209,110
942,15:51:36,45.428007,12.362871,12,193,104
943,15:51:36,45.428007,12.362871,13,245,97
944,15:51:36,45.428007,12.362871,15,216,83
945,15:51:36,45.428007,12.362871,13,232,97
946,15:51:36,45.428007,12.362871,14,241,105
947,15:51:36,45.428007,12.362871,17,219,80
948,15:51:45,45.427944,12.362882,15,250,104
949,15:51:45,45.427944,12.362882,13,217,85
950,15:51:45,45.427944,12.362882,17,190,82
951,15:51:45,45.427944,12.362882,18,242,94
952,15:51:45,45.427944,12.362882,14,212,87
953,15:51:45,45.427944,12.362882,15,187,118
954,15:51:50,45.427881,12.362893,18,223,88
955,15:51:50,45.427881,12.362893,17,226,107
956,15:51:50,45.427881,12.362893,14,218,120
957,15:51:50,45.427881,12.362893,18,198,110
958,15:51:50,45.427881,12.362893,16,222,87
959,15:51:50,45.427881,12.362893,13,198,81
960,15:51:50,45.427881,12.362893,12,204,107
961,15:51:50,45.427881,12.362893,13,192,92
962,15:51:56,45.427818,12.362904,15,220,89
963,15:51:56,45.427818,12.362904,18,226,104
964,15:51:56,45.427818,12.362904,15,203,93
965,15:51:56,45.427818,12.362904,18,220,114
966,15:51:56,45.427818,12.362904,17,249,115
967,15:52:05,45.427755,12.362916,16,203,100
968,15:52:05,45.427755,12.362916,17,204,99
969,15:52:05,45.427755,12.362916,18,212,101
970,15:52:05,45.427755,12.362916,12,207,98
971,15:52:05,45.427755,12.362916,13,219,112
972,15:52:05,45.427755,12.362916,14,237,97
973,15:52:05,45.427755,12.362916,13,193,113
974,15:52:14,45.427692,12.362927,14,248,117
975,15:52:14,45.427692,12.362927,17,181,114
976,15:52:14,45.427692,12.362927,16,212,95
977,15:52:14,45.427692,12.362927,15,194,86
978,15:52:14,45.427692,12.362927,12,237,102
979,15:52:14,45.427692,12.362927,16,239,92
980,15:52:14,45.427692,12.362927,17,185,110
981,15:52:21,45.427629,12.362938,12,187,86
982,15:52:21,45.427629,12.362938,13,197,119
983,15:52:21,45.427629,12.362938,15,203,120
984,15:52:21,45.427629,12.362938,18,192,82
985,15:52:21,45.427629,12.362938,16,231,86
986,15:52:27,45.427566,12.362949,14,244,117
987,15:52:27,45.427566,12.362949,17,211,107
988,15:52:27,45.427566,12.362949,18,220,84
989,15:52:27,45.427566,12.362949,17,184,96
990,15:52:27,45.427566,12.362949,12,228,99
991,15:52:27,45.427566,12.362949,16,241,93
992,15:52:27,45.427566,12.362949,14,186,120
993,15:52:34,45.427504,12.362961,18,205,118
994,15:52:34,45.427504,12.362961,14,203,117
995,15:52:34,45.427504,12.362961,16,185,91
996,15:52:34,45.427504,12.362961,12,212,107
997,15:52:34,45.427504,12.362961,15,186,101
998,15:52:40,45.427441,12.362972,14,195,95
999,15:52:40,45.427441,12.362972,13,215,105
1000,15:52:40,45.427441,12.362972,18,187,91
1001,15:52:40,45.427441,12.362972,13,208,88
1002,15:52:40,45.427441,12.362972,14,246,89
1003,15:52:45,45.427378,12.362983,18,229,87
1004,15:52:45,45.427378,12.362983,14,188,96
1005,15:52:47,45.427315,12.362994,17,235,89
1006,15:52:47,45.427315,12.362994,18,203,106
1007,15:52:47,45.427315,12.362994,19,218,96
1008,15:52:47,45.427315,12.362994,16,207,120
1009,15:52:47,45.427315,12.362994,17,210,83
1010,15:52:47,45.427315,12.362994,15,225,103
1011,15:52:47,45.427315,12.362994,17,250,86
1012,15:52:47,45.427315,12.362994,18,209,109
1013,15:52:47,45.427315,12.362994,13,191,97
1014,15:52:47,45.427315,12.362994,14,232,104
1015,15:52:47,45.427315,12.362994,13,203,96
1016,15:52:47,45.427315,12.362994,14,229,100
1017,15:52:47,45.427315,12.362994,18,244,120
1018,15:52:47,45.427315,12.362994,12,181,94
1019,15:52:47,45.427315,12.362994,14,182,100
1020,15:52:47,45.427315,12.362994,17,186,117
1021,15:53:05,45.427252,12.363006,18,202,85
1022,15:53:05,45.427252,12.363006,13,216,95
1023,15:53:05,45.427252,12.363006,18,181,101
1024,15:53:05,45.427252,12.363006,16,226,104
1025,15:53:05,45.427252,12.363006,13,238,89
1026,15:53:05,45.427252,12.363006,12,223,91
1027,15:53:05,45.427252,12.363006,13,201,92
1028,15:53:12,45.427189,12.363017,17,223,93
1029,15:53:12,45.427189,12.363017,16,199,104
1030,15:53:12,45.427189,12.363017,13,246,111
1031,15:53:12,45.427189,12.363017,14,244,118
1032,15:53:12,45.427189,12.363017,13,206,115
1033,15:53:12,45.427189,12.363017,17,246,99
1034,15:53:12,45.427189,12.363017,12,205,87
1035,15:53:20,45.427126,12.363028,13,240,107
1036,15:53:20,45.427126,12.363028,15,208,84
1037,15:53:20,45.427126,12.363028,16,207,82
1038,15:53:20,45.427126,12.363028,17,242,103
1039,15:53:20,45.427126,12.363028,18,227,105
1040,15:53:20,45.427126,12.363028,14,182,117
1041,15:53:20,45.427126,12.363028,18,245,98
1042,15:53:20,45.427126,12.363028,15,237,85
1043,15:53:29,45.427063,12.363039,13,194,107
1044,15:53:29,45.427063,12.363039,12,180,116
1045,15:53:29,45.427063,12.363039,13,216,81
1046,15:53:29,45.427063,12.363039,14,191,114
1047,15:53:29,45.427063,12.363039,17,250,113
1048,15:53:29,45.427063,12.363039,18,188,101
1049,15:53:29,45.427063,12.363039,12,220,117
1050,15:53:36,45.427,12.363051,18,236,90
1051,15:53:36,45.427,12.363051,17,231,84
1052,15:53:36,45.427,12.363051,14,211,108
1053,15:53:36,45.427,12.363051,15,223,105
1054,15:53:36,45.427,12.363051,16,243,118
1055,15:53:36,45.427,12.363051,17,242,92
1056,15:53:36,45.427,12.363051,12,231,80
1057,15:53:36,45.427,12.363051,13,213,115
1058,15:53:36,45.427,12.363051,18,186,109
1059,15:53:36,45.427,12.363051,19,208,106
1060,15:53:36,45.427,12.363051,14,222,96
1061,15:53:36,45.427,12.363051,16,214,93
1062,15:53:36,45.427,12.363051,13,202,116
1063,15:53:36,45.427,12.363051,12,229,82
1064,15:53:36,45.427,12.363051,14,218,102
1065,15:53:36,45.427,12.363051,17,189,90
1066,15:53:54,45.426938,12.363062,12,183,96
1067,15:53:54,45.426938,12.363062,16,186,94
1068,15:53:54,45.426938,12.363062,13,241,87
1069,15:53:54,45.426938,12.363062,15,207,98
1070,15:53:54,45.426938,12.363062,16,237,95
1071,15:53:54,45.426938,12.363062,15,242,119
1072,15:53:54,45.426938,12.363062,16,192,82
1073,15:54:01,45.426875,12.363073,15,236,106
1074,15:54:03,45.426812,12.363084,17,202,101
1075,15:54:03,45.426812,12.363084,16,222,116
1076,15:54:03,45.426812,12.363084,17,237,89
1077,15:54:03,45.426812,12.363084,16,230,116
1078,15:54:03,45.426812,12.363084,12,200,98
1079,15:54:09,45.426749,12.363096,16,240,112
1080,15:54:09,45.426749,12.363096,12,214,89
1081,15:54:09,45.426749,12.363096,18,213,117
1082,15:54:09,45.426749,12.363096,15,195,94
1083,15:54:09,45.426749,12.363096,18,244,120
1084,15:54:09,45.426749,12.363096,13,209,86
1085,15:54:14,45.426686,12.363107,17,191,107
1086,15:54:14,45.426686,12.363107,12,196,116
1087,15:54:14,45.426686,12.363107,14,201,84
1088,15:54:14,45.426686,12.363107,12,190,111
1089,15:54:19,45.426624,12.363119,17,213,101
1090,15:54:19,45.426624,12.363119,13,216,98
1091,15:54:19,45.426624,12.363119,14,208,113
1092,15:54:19,45.426624,12.363119,15,246,118
1093,15:54:19,45.426624,12.363119,16,237,87
1094,15:54:19,45.426624,12.363119,15,221,99
1095,15:54:19,45.426624,12.363119,18,198,110
1096,15:54:19,45.426624,12.363119,14,183,102
1097,15:54:19,45.426624,12.363119,15,245,120
1098,15:54:19,45.426624,12.363119,17,235,101
1099,15:54:19,45.426624,12.363119,16,211,111
1100,15:54:19,45.426624,12.363119,17,181,86
1101,15:54:19,45.426624,12.363119,18,217,105
1102,15:54:19,45.426624,12.363119,37,333,139
1103,15:54:19,45.426624,12.363119,33,303,148
1104,15:54:19,45.426624,12.363119,44,364,146
1105,15:54:19,45.426624,12.363119,35,350,144
1106,15:54:19,45.426624,12.363119,30,306,138
1107,15:54:19,45.426624,12.363119,43,330,139
1108,15:54:39,45.426642,12.363206,31,382,147
1109,15:54:39,45.426642,12.363206,30,372,149
1110,15:54:39,45.426642,12.363206,43,395,147
1111,15:54:39,45.426642,12.363206,36,367,143
1112,15:54:44,45.42666,12.363292,45,314,144
1113,15:54:44,45.42666,12.363292,38,328,145
1114,15:54:44,45.42666,12.363292,30,333,135
1115,15:54:44,45.42666,12.363292,45,373,149
1116,15:54:50,45.426677,12.363379,30,329,148
1117,15:54:50,45.426677,12.363379,43,398,146
1118,15:54:50,45.426677,12.363379,37,365,143
1119,15:54:50,45.426677,12.363379,43,377,140
1120,15:54:50,45.426677,12.363379,39,343,145
1121,15:54:50,45.426677,12.363379,45,333,149
1122,15:54:50,45.426677,12.363379,33,328,147
1123,15:54:50,45.426677,12.363379,31,347,144
1124,15:54:57,45.426695,12.363466,45,311,136
1125,15:54:57,45.426695,12.363466,43,384,147
1126,15:54:57,45.426695,12.363466,31,333,148
1127,15:54:57,45.426695,12.363466,36,343,138
1128,15:54:57,45.426695,12.363466,32,366,146
1129,15:54:57,45.426695,12.363466,45,395,150
1130,15:54:57,45.426695,12.363466,36,383,149
1131,15:55:04,45.426713,12.363553,42,381,145
1132,15:55:04,45.426713,12.363553,43,385,138
1133,15:55:04,45.426713,12.363553,37,333,141
1134,15:55:04,45.426713,12.363553,45,331,135
1135,15:55:04,45.426713,12.363553,37,382,139
1136,15:55:04,45.426713,12.363553,45,371,147
1137,15:55:04,45.426713,12.363553,44,346,146
1138,15:55:04,45.426713,12.363553,30,317,147
1139,15:55:04,45.426713,12.363553,31,334,148
1140,15:55:04,45.426713,12.363553,36,335,150
1141,15:55:04,45.426713,12.363553,37,339,138
1142,15:55:04,45.426713,12.363553,31,398,144
1143,15:55:04,45.426713,12.363553,37,300,147
1144,15:55:19,45.42673,12.363639,43,319,149
1145,15:55:19,45.42673,12.363639,39,373,143
1146,15:55:19,45.42673,12.363639,31,326,139
1147,15:55:22,45.426748,12.363726,30,319,135
1148,15:55:22,45.426748,12.363726,38,337,136
1149,15:55:22,45.426748,12.363726,41,354,137
1150,15:55:22,45.426748,12.363726,31,309,149
1151,15:55:22,45.426748,12.363726,37,304,150
1152,15:55:22,45.426748,12.363726,38,374,145
1153,15:55:22,45.426748,12.363726,34,317,139
1154,15:55:29,45.426766,12.363813,16,243,114
1155,15:55:29,45.426766,12.363813,18,218,108
1156,15:55:29,45.426766,12.363813,12,207,99
1157,15:55:29,45.426766,12.363813,17,249,106
1158,15:55:34,45.426784,12.363899,13,218,90
1159,15:55:34,45.426784,12.363899,14,204,116
1160,15:55:34,45.426784,12.363899,17,229,84
1161,15:55:34,45.426784,12.363899,18,182,94
1162,15:55:34,45.426784,12.363899,12,217,92
1163,15:55:34,45.426784,12.363899,13,250,114
1164,15:55:34,45.426784,12.363899,14,245,97
1165,15:55:34,45.426784,12.363899,15,196,111
1166,15:55:42,45.426801,12.363986,14,219,115
1167,15:55:42,45.426801,12.363986,16,229,96
1168,15:55:42,45.426801,12.363986,17,194,111
1169,15:55:42,45.426801,12.363986,18,235,81
1170,15:55:47,45.426819,12.364073,12,209,101
1171,15:55:47,45.426819,12.364073,13,202,95
1172,15:55:47,45.426819,12.364073,17,237,80
1173,15:55:47,45.426819,12.364073,18,235,117
1174,15:55:47,45.426819,12.364073,14,188,103
1175,15:55:47,45.426819,12.364073,17,248,80
1176,15:55:47,45.426819,12.364073,18,184,110
1177,15:55:47,45.426819,12.364073,17,219,95
1178,15:55:55,45.426837,12.36416,18,211,104
1179,15:55:55,45.426837,12.36416,13,199,81
1180,15:55:55,45.426837,12.36416,14,201,116
1181,15:55:55,45.426837,12.36416,18,207,96
1182,15:55:55,45.426837,12.36416,12,193,85
1183,15:55:55,45.426837,12.36416,13,244,99
1184,15:55:55,45.426837,12.36416,18,246,108
1185,15:55:55,45.426837,12.36416,14,208,89
1186,15:55:55,45.426837,12.36416,18,233,93
1187,15:55:55,45.426837,12.36416,16,231,92
1188,15:55:55,45.426837,12.36416,18,197,103
1189,15:56:07,45.426854,12.364246,15,214,93
1190,15:56:07,45.426854,12.364246,18,189,86
1191,15:56:07,45.426854,12.364246,13,203,103
1192,15:56:07,45.426854,12.364246,14,220,105
1193,15:56:12,45.426872,12.364333,16,190,116
1194,15:56:12,45.426872,12.364333,12,213,118
1195,15:56:12,45.426872,12.364333,16,208,99
1196,15:56:12,45.426872,12.364333,15,201,110
1197,15:56:12,45.426872,12.364333,16,216,85
1198,15:56:12,45.426872,12.364333,14,244,87
1199,15:56:12,45.426872,12.364333,13,202,103
1200,15:56:19,45.42689,12.36442,14,187,86
1201,15:56:19,45.42689,12.36442,15,237,97
1202,15:56:19,45.42689,12.36442,18,249,100
1203,15:56:19,45.42689,12.36442,15,230,112
1204,15:56:19,45.42689,12.36442,12,246,83
1205,15:56:19,45.42689,12.36442,13,180,114
1206,15:56:19,45.42689,12.36442,12,234,90
1207,15:56:19,45.42689,12.36442,13,245,119
1208,15:56:19,45.42689,12.36442,17,215,83
1209,15:56:19,45.42689,12.36442,13,230,95
1210,15:56:19,45.42689,12.36442,15,187,112
1211,15:56:19,45.42689,12.36442,14,230,118
1212,15:56:32,45.426907,12.364506,17,188,107
1213,15:56:32,45.426907,12.364506,15,211,110
1214,15:56:32,45.426907,12.364506,16,195,112
1215,15:56:32,45.426907,12.364506,12,214,116
1216,15:56:32,45.426907,12.364506,14,227,80
1217,15:56:32,45.426907,12.364506,15,224,117
1218,15:56:36,45.426925,12.364593,16,184,106
1219,15:56:36,45.426925,12.364593,18,234,104
1220,15:56:36,45.426925,12.364593,15,190,86
1221,15:56:36,45.426925,12.364593,18,210,95
1222,15:56:36,45.426925,12.364593,15,225,117
1223,15:56:41,45.426943,12.36468,18,231,86
1224,15:56:41,45.426943,12.36468,19,229,114
1225,15:56:41,45.426943,12.36468,18,202,102
1226,15:56:41,45.426943,12.36468,16,186,100
1227,15:56:41,45.426943,12.36468,14,237,91
1228,15:56:50,45.426961,12.364766,18,209,105
1229,15:56:50,45.426961,12.364766,14,192,112
1230,15:56:50,45.426961,12.364766,13,218,115
1231,15:56:50,45.426961,12.364766,14,215,84
1232,15:56:50,45.426961,12.364766,16,211,115
1233,15:56:50,45.426961,12.364766,13,193,109
1234,15:56:50,45.426961,12.364766,12,191,111
1235,15:56:50,45.426961,12.364766,13,245,112
1236,15:56:50,45.426961,12.364766,17,240,116
1237,15:56:50,45.426961,12.364766,18,250,86
1238,15:56:50,45.426961,12.364766,16,181,107
1239,15:57:02,45.426978,12.364853,13,240,92
1240,15:57:03,45.426996,12.36494,16,181,107
1241,15:57:03,45.426996,12.36494,17,241,110
1242,15:57:03,45.426996,12.36494,15,188,100
1243,15:57:03,45.426996,12.36494,17,215,98
1244,15:57:03,45.426996,12.36494,14,247,84
1245,15:57:03,45.426996,12.36494,17,238,93
1246,15:57:03,45.426996,12.36494,16,188,118
1247,15:57:10,45.427014,12.365027,14,219,89
1248,15:57:10,45.427014,12.365027,17,213,105
1249,15:57:10,45.427014,12.365027,12,235,83
1250,15:57:10,45.427014,12.365027,18,187,81
1251,15:57:10,45.427014,12.365027,13,237,102
1252,15:57:10,45.427014,12.365027,17,189,111
1253,15:57:10,45.427014,12.365027,15,220,103
1254,15:57:10,45.427014,12.365027,12,227,86
1255,15:57:10,45.427014,12.365027,14,205,102
1256,15:57:10,45.427014,12.365027,13,202,112
1257,15:57:10,45.427014,12.365027,18,192,81
1258,15:57:10,45.427014,12.365027,19,181,83
1259,15:57:10,45.427014,12.365027,12,193,80
1260,15:57:10,45.427014,12.365027,14,209,88
1261,15:57:10,45.427014,12.365027,13,227,115
1262,15:57:10,45.427014,12.365027,15,240,104
1263,15:57:28,45.427031,12.365113,16,236,95
1264,15:57:28,45.427031,12.365113,15,231,96
1265,15:57:28,45.427031,12.365113,16,241,106
1266,15:57:28,45.427031,12.365113,14,225,97
1267,15:57:28,45.427031,12.365113,13,198,102
1268,15:57:28,45.427031,12.365113,15,189,90
1269,15:57:28,45.427031,12.365113,16,217,107
1270,15:57:35,45.427049,12.3652,13,245,120
1271,15:57:35,45.427049,12.3652,17,235,97
1272,15:57:35,45.427049,12.3652,16,246,106
1273,15:57:35,45.427049,12.3652,17,211,85
1274,15:57:35,45.427049,12.3652,15,244,97
1275,15:57:35,45.427049,12.3652,18,241,89
1276,15:57:35,45.427049,12.3652,16,238,96
